model,spearman,auc,equiv_acc,similar_acc,mean_simi_2,mean_simi_1,mean_simi_0,equiv_thr,similar_thr
bge-base-en-v1.5,0.5072683872955774,0.9129402453502177,0.7171052631578947,0.8421052631578947,0.8004320859909058,0.7708349227905273,0.6909381747245789,0.8082558,0.7354606
e5-large-v2,0.4500388768434485,0.8773248911753067,0.7039473684210527,0.9013157894736842,0.8920119404792786,0.8808581233024597,0.8471686840057373,0.90469676,0.86028
gte-base-en-v1.5,0.40539100973287223,0.8686189157103285,0.6776315789473685,0.7236842105263158,0.6722743511199951,0.6334337592124939,0.5004026889801025,0.6962762,0.6152996
mpnet,0.4484546884030355,0.8393351800554016,0.6907894736842105,0.8289473684210527,0.7561988234519958,0.7083145380020142,0.5509079098701477,0.7528209,0.644393
embeddinggemma-300m,0.4248099728876633,0.9038385437277403,0.6973684210526315,0.7105263157894737,0.701253354549408,0.6751517057418823,0.5511890649795532,0.71819305,0.66212726
jina-v3,0.48623148967442376,0.8990898298377522,0.7039473684210527,0.881578947368421,0.7978383898735046,0.7637357711791992,0.6441677212715149,0.8324606,0.6942199
